Название;Категория;Цель;Противопоказания;Тип питания;Ссылка на WB;Ссылка на kultlab.ru;артикулы;способ применения ;описание
"Kultlab Q10 100% 100mg Softgels, 30 капс";Антиоксиданты;Активное долголетие;"Прием кофермента Q10 пациентами, которым назначены препараты, снижающие уровень холестерина в крови, может осуществляться только после консультации с лечащим врачом. Тот же совет касается людей с сахарным диабетом. Внимание! От приема коэнзима Q10 следует воздержаться беременным и кормящим матерям, так как нет данных о его влиянии на плод и качество материнского молока. Нельзя его принимать при обострении язвенной болезни желудка и кишечника. А так же детям до 12 лет.";;;https://kultlab.ru/catalog/antioksidanty/kultlab-q10-100-100-mg-softgels-30-kaps/;;"Для здорового человека суточная доза составляет 20-40 мг один раз в день после еды, желательно в первой половине дня. Курс приема 3-4 недели.

Для спортсменов и/или людей, постоянно пребывающих в состоянии стресса, а также гипертоников, доза составляет 100 мг (1 капсула).";"Размер одной порции                                        : 1 капсулаПродукт Коэнзим -Q10 выпущен на рынок добавок для спорта компанией Культлаб. Это мощное антиоксидантное вещество, которое обладает рядом положительных свойств. Добавка Коэнзим -Q10 налаживает работу сердечной мышцы, укрепляет все сосуды, поддерживает когнитивную функцию и нервную систему.Кроме этого он берет участие в процессе переработки пищи в энергетические запасы. Также Коэнзим Q-10 способствует процессу циркуляции витамина Е. Очень хорошо поглощают Коэнзим Q-10 верхние слои кожи, насыщаясь  при этом полезными элементами.Для здорового человека суточная доза составляет 20-40 мг один раз в день после еды, желательно в первой половине дня. Курс приема 3-4 недели.Для спортсменов и/или людей, постоянно пребывающих в состоянии стресса, а также гипертоников, доза составляет 100 мг (1 капсула).iПрием кофермента Q10 пациентами, которым назначены препараты, снижающие уровень холестерина в крови, может осуществляться только после консультации с лечащим врачом. Тот же совет касается людей с сахарным диабетом. 


Внимание! От приема коэнзима Q10 следует воздержаться беременным и кормящим матерям, так как нет данных о его влиянии на плод и качество материнского молока. Нельзя его принимать при обострении язвенной болезни желудка и кишечника. А так же детям до 12 лет."
"Kultlab Alpha-Lipoic Acid 300 мг, 60 капс";Антиоксиданты;Активное долголетие;Индивидуальная непереносимость. Перед применением необходимо проконсультироваться со специалистом.;;;https://kultlab.ru/catalog/antioksidanty/kultlab-alpha-lipoic-acid-300-mg-60-kaps/;;принимать по 1 капсуле в день во время еды.;"Размер одной порции                                        : 1 капсулаАльфа-липоевая кислота от Kultlab - это митохондриальное соединение, которое участвует в энергетическом обмене и поддерживает антиоксидантную систему организма, помогая устранять повреждения тканей, вызванных окислением.Исследования альфа-липоевой кислоты демонстрируют ее способность устранить симптомы при некоторых формах нейропатии, а также улучшать метаболизм сахара в крови.Рекомендации по применению:принимать по 1 капсуле в день во время еды.iИндивидуальная непереносимость. Перед применением необходимо проконсультироваться со специалистом."
"Kultlab Омега 3, 120 капс";Омега-3 и жирные кислоты;Активное долголетие;Продукт не является лекарственным средством. Перед началом приема продукта обязательно проконсультируйтесь у специалиста.;;https://www.wildberries.ru/catalog/50403505/detail.aspx;https://kultlab.ru/catalog/omega-i-zhirnye-kisloty/kultlab-omega-3-120-kaps/;;Принимать по 3 капсулы в день во время еды;"Размер одной порции                                        : Принимать по 1 капсуле 3 раза в день, во время еды, обильно запивая водойKultLab Omega-3 содержит самые ценные для человека ненасыщенные жирные кислоты: докозагексаеновую (ДГК) и эйкозапентаеновую (ЭПК). Они могут использоваться для профилактики широкого спектра заболеваний, борьбы с воспалениями и усиления работы мозга. ДГК и ЭПК особенно полезны для функционирования сердечно-сосудистой системы. Исследования доказали, что Омега-3 может не только предупреждать болезни сердца и онкологии, но и приостанавливать развитие раковой опухоли благодаря способности восстанавливать нарушения ДНК. Omega-3 улучшает метаболизм мозга, предотвращает накопление жиров, обладает антиатеросклеротическим воздействием.iИндивидуальная непереносимость."
"Kultlab Omega 3, 60капс";Омега-3 и жирные кислоты;Активное долголетие;Продукт не является лекарственным средством. Перед началом приема продукта обязательно проконсультируйтесь у специалиста.;;https://www.wildberries.ru/catalog/50403505/detail.aspx;https://kultlab.ru/catalog/omega-i-zhirnye-kisloty/kultlab-omega-3-60-kaps/;;Принимать по 3 капсулы в день во время еды;"Размер одной порции                                        : 3 капсулыKultLab Omega-3 содержит самые ценные для человека ненасыщенные жирные кислоты: докозагексаеновую (ДГК) и эйкозапентаеновую (ЭПК). Они могут использоваться для профилактики широкого спектра заболеваний, борьбы с воспалениями и усиления работы мозга. ДГК и ЭПК особенно полезны для функционирования сердечно-сосудистой системы. Исследования доказали, что Омега-3 может не только предупреждать болезни сердца и онкологии, но и приостанавливать развитие раковой опухоли благодаря способности восстанавливать нарушения ДНК. Omega-3 улучшает метаболизм мозга, предотвращает накопление жиров, обладает антиатеросклеротическим воздействием.iИндивидуальная непереносимость."
"Kultlab Omega 3, 90капс";Омега-3 и жирные кислоты;Активное долголетие;Продукт не является лекарственным средством. Перед началом приема продукта обязательно проконсультируйтесь у специалиста.;;https://www.wildberries.ru/catalog/50403505/detail.aspx;https://kultlab.ru/catalog/omega-i-zhirnye-kisloty/kultlab-omega-3-90-kaps_1/;;Принимать по 3 капсулы в день во время еды;"Размер одной порции                                        : 3 капсулыKultLab Omega-3 содержит самые ценные для человека ненасыщенные жирные кислоты: докозагексаеновую (ДГК) и эйкозапентаеновую (ЭПК). Они могут использоваться для профилактики широкого спектра заболеваний, борьбы с воспалениями и усиления работы мозга.ДГК и ЭПК особенно полезны для функционирования сердечно-сосудистой системы.Исследования доказали, что Омега-3 может не только предупреждать болезни сердца и онкологии, но и приостанавливать развитие раковой опухоли благодаря способности восстанавливать нарушения ДНК. Omega-3 улучшает метаболизм мозга, предотвращает накопление жиров, обладает антиатеросклеротическим воздействием.iИндивидуальная непереносимость."
"Kultlab Ultra Omega-3 65%, 90 капс";Омега-3 и жирные кислоты;Активное долголетие;Продукт не является лекарственным средством. Перед началом приема продукта обязательно проконсультируйтесь у специалиста.;;https://www.wildberries.ru/catalog/50403505/detail.aspx;https://kultlab.ru/catalog/omega-i-zhirnye-kisloty/kultlab-omega-3-65-60-kaps/;;по 1 капсуле 1-2 раза в день во время еды.;"Размер одной порции                                        : по 1 капсуле 1-2 раза в день во время еды.Омега-3 способствует укреплению здоровья сердца, снижает уровень триглицеридов и риск сердечно-сосудистых заболеваний, усиливает работу мозга. Кроме того, Омега-3 обладает противоспалительными свойствами, что полезно при хронических заболеваниях и для здоровья кожи."
"Kultlab Omega 3-6-9, 60 капс";Омега-3 и жирные кислоты;Активное долголетие;Продукт не является лекарственным средством. Перед началом приема продукта обязательно проконсультируйтесь у специалиста.;;https://www.wildberries.ru/catalog/50403505/detail.aspx;https://kultlab.ru/catalog/omega-i-zhirnye-kisloty/kultlab-omega-3-6-9-60-kaps/;;Принимать по 3 капсулы в день во время еды;"Размер одной порции                                        : 3 капсулыKultlab Omega 3-6-9 - сбалансированный комплекс поможет восполнить дефицит жирных кислот в организме человека.Улучшает обмен веществ, что способствует снижению веса,Стабилизирует уровень сахара в крови,Помогает выработке сератонина - гормана счастья, поэтому является отличным средством в борьбе со стрессом и даже депрессией,Укрепляет иммунитет, сердечно - сосудистую систему,Улучшает состояние кожи, ногтей и волос, помогает им восстановиться после зимы,Поддерживает здоровье глаз,Является профилактическим средством различных заболеваний глаз, сердца, кожи, сахарного диабета, болезни Альцгеймера, остеопороза и других,Придает сил и увеличивает запас энергии,Уменьшает различные воспаления в организме и прочее.iПродукт не является лекарственным средством. Перед началом приема продукта обязательно проконсультируйтесь у специалиста."
"Kultlab Omega 3 Norwegian, 250 капс";Омега-3 и жирные кислоты;Активное долголетие;"Индивидуальная непереносимость компонентов продукта.
";;https://www.wildberries.ru/catalog/14880387/detail.aspx?targetUrl=GP;https://kultlab.ru/catalog/omega-i-zhirnye-kisloty/kultlab-omega-3-norwegian-250-kapsuly/;;Принимать по 3 капсулы в день во время еды;"Размер одной порции                                        : 3 капсулыОмега 3 Norwegian  - содержится рыбий жир, полученный из пород рыб, обитающих в холодных водоемах, в том числе лосося и скумбрии. В его состав входят полиненасыщенные жирные кислоты: эйкозапентаеновая кислота (ЭПК) и декозагексаеновая кислота (ДГК). Они резко снижают концентрацию в крови холестерина, которому принадлежит ведущая роль в образовании атеросклеротических бляшек, закупоривающих сосуды. Поэтому Omega 3 Norwegian является прекрасным профилактическим и лечебным средством при многих сердечно-сосудистых заболеваниях, и препаратом, нормализующим артериальное давление.Рекомендации по применению: взрослым по 3 капсулы в день во время еды. Продолжительность приема 1-2 месяца.iИндивидуальная непереносимость компонентов продукта."
"Kultlab Омега 3 Норвегия, 500 капс";Омега-3 и жирные кислоты;Активное долголетие;"Индивидуальная непереносимость компонентов продукта.
";;https://www.wildberries.ru/catalog/13935737/detail.aspx?targetUrl=GP;https://kultlab.ru/catalog/omega-i-zhirnye-kisloty/kultlab-omega-3-norwegian-500-kaps_1/;;Принимать по 3 капсулы в день во время еды;"Размер одной порции                                        : 3 капсулыОмега 3 Norwegian - содержится рыбий жир, полученный из пород рыб, обитающих в холодных водоемах, в том числе лосося и скумбрии. В его состав входят полиненасыщенные жирные кислоты: эйкозапентаеновая кислота (ЭПК) и декозагексаеновая кислота (ДГК). Они резко снижают концентрацию в крови холестерина, которому принадлежит ведущая роль в образовании атеросклеротических бляшек, закупоривающих сосуды. Поэтому Omega 3 Norwegian является прекрасным профилактическим и лечебным средством при многих сердечно-сосудистых заболеваниях, и препаратом, нормализующим артериальное давление.Рекомендации по применению: взрослым по 3 капсулы в день во время еды.Продолжительность приема 1-2 месяца.iИндивидуальная непереносимость компонентов продукта."
"Kultlab L-Arginine 750 mg, 100капс";Аргинин;Аминокислоты;"Индивидуальная непереносимость, беременность, возраст до 12 лет.
";;;https://kultlab.ru/catalog/arginin/kultlab-l-arginine-750-mg-100-kaps/;;"В качестве пищевой добавки принимайте по 1 капсуле 2-3 раза в день по мере необходимости, желательно с соком или водой на голодный желудок, перед тренировкой или перед сном.";"Размер одной порции                                        : 1 капсулаАргинин - условно-незаменимая аминокислота, которая является носителем и донатором азота. Он необходим в синтезе мышечной ткани, именно эта функция явилась главным фактором распространения аргинина в бодибилдинге. Аргинин способствует увеличению мышечной массы и уменьшению жиров при адекватной физической нагрузке.Рекомендации по применению:В качестве пищевой добавки принимайте по 1 капсуле 2-3 раза в день по мере необходимости, желательно с соком или водой на голодный желудок, перед тренировкой или перед сном.iИндивидуальная непереносимость, беременность, возраст до 12 лет."
"Kultlab AAKG, 200 гр";Аргинин;Аминокислоты;"Продукт не является лекарственным средством. Не рекомендуем использовать продукцию лицам, не достигшим 18 лет. Женщинам не рекомендуется использовать продукт в период беременности и грудного вскармливания. Перед началом приема любого продукта обязательно проконсультируйтесь у специалиста!";;;https://kultlab.ru/catalog/arginin/kultlab-aakg-200-gr/;;Смешайте 1 порцию (2 мерные ложки) с 1 стаканом воды (200-300 мл). Для получения наилучшего эффекта принимать по одной порции до тренировки.;"Размер одной порции                                        : 2 мерных ложки - 5 грKULTLAB AAKG - спортивная добавка, которая способствует ускорению роста мышечной массы, повышению силовых показателей и выносливости. Приём перед тренировкой значительно увеличивает рост мышц, мышечную силу и спортивную выносливость, так как повышает уровень оксида азота.Рекомендации по применению:Смешайте 1 порцию (2 мерные ложки) с 1 стаканом воды (200-300 мл). Для получения наилучшего эффекта принимать по одной порции до тренировки.iПродукт не является лекарственным средством. Не рекомендуем использовать продукцию лицам, не достигшим 18 лет. Женщинам не рекомендуется использовать продукт в период беременности и грудного вскармливания. Перед началом приема любого продукта обязательно проконсультируйтесь у специалиста!"
"Big Pig Комбивит For Women, 60 капс";Витамины и минералы;для женщин;"Индивидуальная непереносимость препарата. Перед началом следует проконсультироваться у специалиста. Продукт не является лекарственным средством.
";;;https://kultlab.ru/catalog/vitaminy-dlya-zhenshchin/big-pig-kombivit-for-women-60-kaps/;;;"Размер одной порции                                        : 2 капсулыЖенский комбивит- это специально разработанный состав для женского организма, включающийв себя не только витамины и минералы, но и комплекс веществ для укрепления волос и кожи. Аименно гидролизованный коллаген, гиалуроновая кислота, коэнзим Q-10.iИндивидуальная непереносимость препарата. Перед началом следует


проконсультироваться у специалиста. Продукт не является лекарственным средством."
"Kultlab Men's Daily, 120 капc
";Витамины и минералы;для мужчин;"Индивидуальная непереносимость компонентов добавки. Перед применением проконсультируйтесь с врачом
";;https://www.wildberries.ru/catalog/255366980/detail.aspx;https://kultlab.ru/catalog/vitaminy-dlya-muzhchin/kultlab-men-s-daily-120-kapc/;;"Принимать по 1 капсулы 1 раз в день во время еды. Для лучшего эффекта и для людей занимающихся спортом принимать по 4 капсулы в день, 2 капс 2 раза в день.";"Размер одной порции                                        : принимать по 1 капсулы 1 раз в день во время еды. 
Для лучшего эффекта и для людей занимающихся спортом принимать по 4 капсулы в день, 2 капс 2 раза в день.Men's daily - витаминно-минеральный комплекс для мужчин, специально разработанный в лаборатории ""КультЛаб"". 41 необходимый элемент позволяет сделать этот состав максимально эффективным для мужского организма.Точно выверенная дозировка способствует укреплению иммунитетаУлучшению работы ЖКТ и сердечно-сосудистой системыОказывает положительное влияние на укрепление мужского здоровьяувеличивает физическую и умственную работоспособность.iИндивидуальная непереносимость компонентов добавки. Перед применением проконсультируйтесь с врачом"
"Kultlab Daily Complex, 100 капс
";Витамины и минералы;"Мультивитаминные комплексы
";"Индивидуальная непереносимость компонентов добавки. Перед применением проконсультируйтесь с врачом
";;https://www.wildberries.ru/catalog/210808912/detail.aspx;https://kultlab.ru/catalog/multivitaminnye-kompleksy/kultlab-daily-complex-100-kaps/;;1 капсула в день во время еды. Подходит для ежедневного применения.;"Размер одной порции                                        : по 1 капсуле в день во время едыВитаминный комплекс Kultlab Daily Complex на 100% восполняют суточную потребность организма в микроэлементах, что фактически делает тебя неуязвимым перед вирусами, инфекциями и авитаминозом.Комплекс идеально подходит для людей, ведущих спортивный образ жизни, либо занятых тяжелым физическим и умственным трудом.Kultlab Daily Complex:- регулирует обменные процессы- поддерживает функцию кроветворения, секрецию гормонов и - нормальную работу иммунной системы;- замедляет процесс старения;- поддерживает эмоциональное здоровье;- оказывает мощное антиоксидантное воздействие.Комплекс Kultlab Daily Complex помогает поддерживать баланс микроэлементов, обеспечивает хорошее самочувствие и высокий уровень работоспособности.Рекомендации по применению: 1 капсула в день во время еды. Подходит для ежедневного применения.iИндивидуальная непереносимость компонентов добавки. Перед применением проконсультируйтесь с врачом"
"Kultlab Vitamin B complex, 100 капc
";Витамины и минералы;"Отдельные витамины
";"Индивидуальная непереносимость компонентов, перед началом применения следует проконсультироваться с врачом.
";;;https://kultlab.ru/catalog/vitaminy-otdelnye/kultlab-vitamin-b-complex-100-kapc/;;"Принимайте по 2 капсулы в день, желательно вместе с приёмом пищи.";"Размер одной порции                                        : 2 капсулыVitamin B complex содержит необходимую для вашего организма суточную дозу важнейших витаминов группы B, необходимых для нормального течения метаболизма жиров, углеводов и протеинов.Рекомендации по применению:
Принимайте по 2 капсулы в день, желательно вместе с приёмом пищи.iИндивидуальная непереносимость компонентов, перед началом применения следует проконсультироваться с врачом."
"Kultlab Biotin, 60 капс
";Витамины и минералы;"Отдельные витамины
";"Индивидуальная непереносимость. Перед применением необходимо проконсультироваться со специалистом.
";;;https://kultlab.ru/catalog/vitaminy-otdelnye/kultlab-biotin-60-kaps/;;Принимать по 1 капсуле в день во время еды.;"Размер одной порции                                        : 1 капсулаБиотин от Kultlab - это растворимый в воде витамин, необходимый для нормального роста и функционирования организма. Биотин работает как основной регулирующий элемент, участвующий в гликонеогенезе, синтезе жирных кислот и метаболизме некоторых аминокислот. Наряду с участием в выработке энергии, биотин укрепляет имунную систему и играет важную роль в поддержании здоровья кожи.- Играет ключевую роль в метаболизме макронутриентов- Важен для здоровья ногтей- Важен для состояния волос- Играет важную роль во время беременности и грудного вскармливания- Способен снизить уровень глюкозы в крови пациентов с сахарным диабетом- Важен для кожи- Играет роль при лечении рассеянного склерозРекомендации по применению:принимать по 1 капсуле в день во время еды.iИндивидуальная непереносимость. Перед применением необходимо проконсультироваться со специалистом."
"Kultlab Vitamin A 10000 МЕ, 60 капс
";Витамины и минералы;"Отдельные витамины
";"Индивидуальная непереносимость. Перед применением необходимо проконсультироваться со специалистом.
";;;https://kultlab.ru/catalog/vitaminy-otdelnye/kultlab-vitamin-a-10000-me-60-kaps/;;Принимать  1-2 капсулы в день во время еды. Продолжительность приема - 1 месяц. При необходимости прием можно повторить;"Размер одной порции                                        : 1 капсулаВитамин А содержит каротиноиды, которые защищают организм от окисления, вызываемого свободными радикалами. Ученые связали окислительный стресс с потенциально смертельными состояниями, такими как болезни сердца, нейродегенеративные заболевания и диабет. Исследования показывают, что каротиноиды улучшают здоровье сердечно-сосудистой и нервной системы.Ретинол необходим для функционирования бета-клеток поджелудочной железы, которые отвечают за выработку инсулина. Его дефицит приводит к избытку глюкозы в крови.Витамин А нужен для:-поддержания слизистого барьера;-усвоения витамина D;-предотвращения инфекционных заболеваний;-выработки лейкоцитов, которые являются первой линией защиты иммунной системы;-поддержания широкого спектра физиологических функций в организме;-улучшения состояния головного мозга, зубов, костей;-образования гормонов;-защиты кожи от воздействия ультрафиолета;-снижения риска злокачественных процессов.Рекомендации по применению:Принимать  1-2 капсулы в день во время еды. Продолжительность приема - 1 месяц. При необходимости прием можно повторитьiИндивидуальная непереносимость. Перед применением необходимо проконсультироваться со специалистом."
"Kultlab Vitamin D3, 100 капс
";Витамины и минералы;Витамин D;"Индивидуальная непереносимость препарата, беременность. Перед началом применения следует проконсультироваться с врачом.
";;https://www.wildberries.ru/catalog/50407124/detail.aspx;https://kultlab.ru/catalog/vitamin-d/kultlab-vitamin-d-100-kaps/;;"Принимайте по 1 капсуле в день, желательно вместе с приёмом пищи.";"Размер одной порции                                        : 1 капсулаВитамин D3 от KultLab уникален - он одновременно действует и как витамин, и как гормон. Как витамин он поддерживает уровень фосфора и кальция в плазме крови и повышает всасывание кальция в тонкой кишке.• способствует минерализации костей, формированию костного скелета и зубов у детей;• гипо- и авитаминоз витамина D (профилактика и лечение);• помогает обеспечить здоровье простаты;• для здоровья иммунной системы, кишечника и сердца;• обеспечивает всасывание кальция из продуктов питания.Рекомендации по применению:Принимайте по 1 капсуле в день, желательно вместе с приёмом пищи.iИндивидуальная непереносимость препарата, беременность. Перед началом применения следует проконсультироваться с врачом."
"Kultlab Vitamin D3 Softgels, 100 капс
";Витамины и минералы;Витамин D;"Индивидуальная непереносимость препарата, беременность. Перед началом применения следует проконсультироваться с врачом.
";;https://www.wildberries.ru/catalog/167116779/detail.aspx;https://kultlab.ru/catalog/vitamin-d/kultlab-vitamin-d3-softgels-100-kaps/;;"Принимать по 1 капсуле 1-2 раза в день, вместе с приемом пищи.";"Размер одной порции                                        : 1 капсулаВитамин D3 от Kultlab - участвует в работе всех органов и систем, действуя как витамин и гормон одновременно.- Обеспечивает всасывание кальция и фосфора в тонком кишечнике- Участвует в метаболизме- Укрепляет имунную систему- Улучшает состояние костной тканиРекомендации по приему: принимать по 1 капсуле 1-2 раза в день, вместе с приемом пищи.iИндивидуальная непереносимость препарата, беременность, период лактации.Перед началом приема, проконсультируйтесь с врачом. Продукт не является лекарственным средством."
"Kultlab Iron, 90 капс
";Витамины и минералы;"Минералы отдельные
";"Индивидуальная непереносимость компонентов добавки. Перед применением проконсультируйтесь с врачом.
";;https://www.wildberries.ru/catalog/140799036/detail.aspx;https://kultlab.ru/catalog/mineraly-otdelnye/kultlab-iron-90-kaps/;;"Принимать по 1-3 капсулы в день во время еды.
";"KULTLAB IRON - железо важный компонент гемоглобина и играет особую роль в производстве кровяных клеток. Железо участвует во многих жизненных функциях организма, таких как общая энергия и концентрация, работа желудочно-кишечного тракта и иммунной системы.Принимать по 1-3 капсулы в день во время еды.iИндивидуальная непереносимость компонентов добавки. Перед применением проконсультируйтесь с врачом."
"Kultlab Potassium & Magnesium Citrate + B6, 60 капс
";Витамины и минералы;"Минералы отдельные
";"Индивидуальная непереносимость компонентов продукта. Перед применением проконсультируйтесь со специалистом.
";;https://www.wildberries.ru/catalog/140797585/detail.aspx;https://kultlab.ru/catalog/mineraly-otdelnye/kultlab-potassium-magnesium-citrate-60-kaps-/;;"принимать по 2 капсуле 2 раза в день.
";"Размер одной порции                                        : Принимать по 2 капсулы 2 раза в день во время едыМагний и Калий от Kultlab - два минерала, котрые содержатся в организме и играют ключевую роль в здоровье клеток и тканей.Они имеют особо важное значение для сохранения здоровья сердца, нормальной работы сосудов, передачи нервных импульсов и сокращения мыщц. Играет роль в регуляции нормального баланса электролитов и нейромедиаторов.Рекомендации по применению:принимать по 2 капсуле 2 раза в день.iИндивидуальная непереносимость компонентов продукта. Перед применением проконсультируйтесь со специалистом."
"Kultlab Potassium & Magnesium Citrate + B6, 120 капс";Витамины и минералы;"Минералы отдельные
";"Индивидуальная непереносимость компонентов продукта. Перед применением проконсультируйтесь со специалистом.
";;https://www.wildberries.ru/catalog/247546090/detail.aspx;;;"принимать по 2 капсуле 2 раза в день.
";
"Kultlab Магний цитрат 253 мг + B6, 60 капс
";Витамины и минералы;"Минералы отдельные
";"Индивидуальная непереносимость компонентов продукта. Перед применением проконсультируйтесь со специалистом.
";;https://www.wildberries.ru/catalog/152241652/detail.aspx;https://kultlab.ru/catalog/mineraly-otdelnye/kultlab-magniy-tsitrat-253-mg-b6-60-kaps/;;По 2-4 капсулы в день за 30 минут до еды. Продолжительность приема 1 месяц;"Размер одной порции                                        : Порция от 2-х до 4-х капсулМагний от Kultlab - это минерал, который имеет решающее значение для выработки энергии и обмена веществ, сокращения мыщц, передачи импульсов и минерализации костей. Он необходим для образования примерно 300 ферментов. Эти ферменты стимулируют такие процессы, как синтез жирных кислот, синтез белков и усвоение глюкозы. Поддержание нормального уровня магния в организме очень важно для кальциевого обмена, так как он учавствует в работе околощитовидной железы."
"Kultlab Magnesium Citrate + B6, 120 капс
";Витамины и минералы;"Минералы отдельные
";"Индивидуальная непереносимость компонентов продукта. Перед применением проконсультируйтесь со специалистом.
";;;https://kultlab.ru/catalog/mineraly-otdelnye/kultlab-magnesium-citrate-300-mg-120-kaps/;;по 2 капсулы 2 раза в день;"Размер одной порции                                        : по 2 капсулы 2 раза в деньМагний от Kultlab - это минерал, который имеет решающее значение для выработки энергии и обмена веществ, сокращения мыщц, передачи импульсов и минерализации костей. Он необходим для образования примерно 300 ферментов. Эти ферменты стимулируют такие процессы, как синтез жирных кислот, синтез белков и усвоение глюкозы. Поддержание нормального уровня магния в организме очень важно для кальциевого обмена, так как он учавствует в работе околощитовидной железы.iИндивидуальная непереносимость компонентов добавки. Перед применением проконсультируйтесь с врачом"
"Kultlab Калий цитрат 543 мг, 60 капс
";Витамины и минералы;"Минералы отдельные
";"Индивидуальная непереносимость компонентов продукта. Перед применением проконсультируйтесь со специалистом.
";;https://www.wildberries.ru/catalog/144268782/detail.aspx;https://kultlab.ru/catalog/mineraly-otdelnye/kultlab-potassium-citrate-300-mg-60-kaps/;;принимать по 2 капсулы в день за 30 минут до еды.;"Размер одной порции                                        : 2 капсулы в день во время едыКалий от Kultlab - важный минерал, который встречается во многих продуктах питания. Самое большое количество калия содержится в овощах и фруктах. Этот элемент необходим для сохранения баланса жидкости на уровне клеток и всего организма, а также для поддержания кислотно-щелочного баланса. Кроме того, калий требуется для обеспечения нормальной мышечной деятельности, поддержки работы сердца и передачи нервных импульсов. Калий цитрат хорошо усваивается и отличается более высокой биодоступностью по сравнению с обычным калием.Рекомендации по применению:принимать по 2 капсулы в день за 30 минут до еды.iИндивидуальная непереносимость. Перед применением необходимо проконсультироваться со специалистом."
"Kultlab Selenium, 60 капс
";Витамины и минералы;"Минералы отдельные
";"Индивидуальная непереносимость компонентов продукта. Перед применением проконсультируйтесь со специалистом.
";;;https://kultlab.ru/catalog/mineraly-otdelnye/kultlab-selenium-60-kaps/;;1 капсула 2 раза в день во время еды.;"Размер одной порции                                        : 1 капсула 2 раза в день во время еды.Селен - микроэлемент, достаточное потребление и усвоение которого является необходимым условием для адекватного функционирования иммунитета, синтеза гормонов щитовидной железы и репродуктивной системы.iИндивидуальная непереносимость компонентов добавки. Перед применением проконсультируйтесь с врачом"
"Kultlab Copper, 60 капс
";Витамины и минералы;"Минералы отдельные
";"Индивидуальная непереносимость компонентов продукта. Перед применением проконсультируйтесь со специалистом.
";;;https://kultlab.ru/catalog/mineraly-otdelnye/kultlab-copper-60-kaps/;;;"Размер одной порции                                        : 1 капсулаМедь является необходимым микроэлементом для жизнедеятельности человеческого организма. Медь играет важную роль в нормализации уровня гемоглобина и формировании эритроцитов. Способствует образованию коллагена и эластина, поддерживает прочность сосудов, эластичность и упругость кожи, сохраняет цвет волос, укрепляет кости. Учавствует в работе ферментов, усиливает иммунитет. Обеспечивает нормальное функционирование нервной системыiИндивидуальная непереносимость компонентов добавки. Перед применением проконсультируйтесь с врачом"
"Kultlab Calcium Citrate 2000 мг & Vitamin D3 600 МЕ, 120 капс
";Витамины и минералы;"Минералы отдельные
";"Индивидуальная непереносимость компонентов продукта. Перед применением проконсультируйтесь со специалистом.
";;https://www.wildberries.ru/catalog/229639342/detail.aspx;https://kultlab.ru/catalog/mineraly-otdelnye/kultlab-calcium-citrate-600-mg-vitamin-d3-60-kaps/;;принимать по 2 капсулы 2 раза в день;"Размер одной порции                                        : принимать по 2 капсулы 2 раза в деньКальций - необходим для здоровья зубов, ногтей, волос, для мышечных сокращений, для синтеза ряда гормонов. Витамин D3, защищая нервную систему, помогает усваивать кальций и усиливает его действие на организмiИндивидуальная непереносимость компонентов добавки. Перед применением проконсультируйтесь с врачом"
"Kultlab Vitamin C 650 мг, 100 капс
";Витамины и минералы;"Витамин C
";"Индивидуальная непереносимость, беременность, возраст до 12 лет.
";;https://www.wildberries.ru/catalog/16783900/detail.aspx;https://kultlab.ru/catalog/vitamin-c/kultlab-vitamin-c-650-mg-100-kaps/;;Принимайте по одной капсуле в день во время еды.;"Размер одной порции                                        : 1 капсулаVitamin C - Витамин С необходим для производства коллагена, карнитина и некоторых нейротранссмиттеров, он участвует в метаболизме протеина. Аскорбиновая кислота является также важным антиоксидантом, поскольку борется с воздействием свободных радикалов, разрушающих наши клетки.В дополнение к своим биосинтетическим и антиокислительным функциям, он играет определяющую роль в поддержании иммунной системы организма и улучшает усвоение железа. Витамин С обеспечивает проницаемость стенок капилляров, поддерживает их эластичность и прочность, участвует в выработке гормонов, способствует укреплению костной и зубной ткани.Рекомендации по применению:Принимайте по одной капсуле в день во время еды.iИндивидуальная непереносимость, беременность, возраст до 12 лет."
"Kultlab Vitamin C Sodium Ascorbate, 100 капс
";Витамины и минералы;"Витамин C
";"Индивидуальная непереносимость компонентов продукта. Перед применением проконсультируйтесь со специалистом.
";;;https://kultlab.ru/catalog/vitamin-c/kultlab-sodium-ascorbate-100-kaps/;;принимать по 1-2 капсулы в день.;"Размер одной порции                                        : 1 капсулаАскорбат натрия (Витамин С) - это не горький, не кислый, забуференный витамин С в хорошо растворимой форме. Он необходим ждя производства коллагена(структурного белка, необходимого для здоровья соединительных тканей) и поэтому важен для здоровья кожи, костей и суставов. Он также необходим для метаболизма аминокислот, синтеза нейромедиаторов и усвоения многих питательных веществ, таких как фолиевая кислота и железо.Рекомендации по употреблению:принимать по 1-2 капсулы в день.iИндивидуальная непереносимость компонентов продукта. Перед применением проконсультируйтесь со специалистом."
"Kultlab Sodium Ascorbate, 100 гр
";Витамины и минералы;"Витамин C
";"Индивидуальная непереносимость компонентов продукта. Перед применением проконсультируйтесь со специалистом.
";;;https://kultlab.ru/catalog/vitamin-c/kultlab-sodium-ascorbate-100-gr/;;в качестве пищевой добавки развести 1/4 чайной ложки в стакане сока или воды. принимать во время еды или на тощак.;"Размер одной порции                                        : 1/4 чайной ложки(1,25 г)Аскорбат натрия (Витамин С) - это не горький, не кислый, забуференный витамин С в хорошо растворимой форме. Он необходим ждя производства коллагена(структурного белка, необходимого для здоровья соединительных тканей) и поэтому важен для здоровья кожи, костей и суставов. Он также необходим для метаболизма аминокислот, синтеза нейромедиаторов и усвоения многих питательных веществ, таких как фолиевая кислота и железо.Рекомендации по употреблению:в качестве пищевой добавки развести 1/4 чайной ложки в стакане сока или воды. принимать во время еды или на тощак.iИндивидуальная непереносимость компонентов продукта. Перед применением проконсультируйтесь со специалистом."
"Kultlab Collagen Powder, 200 гр
Черная смородина";Для связок и суставов;Коллаген;"Индивидуальная непереносимость компонентов продукта, беременность, наличие болезней почек или печени. Перед применением рекомендуется проконсультироваться с врачом.
";;https://www.wildberries.ru/catalog/34332305/detail.aspx;https://kultlab.ru/catalog/kollagen/kultlab-collagen-powder-200-gr/;;Смешайте 1-2 порции (5.5 г) с 250-300 мл воды или другого напитка.;"Размер одной порции                                        : 2 мерные ложки / 5,5 граммВ нашем организме около 25% коллагена, он играет важную роль в функционировании нашего организма. С годами синтез коллагена снижается.Это приводит организм к старению, появляются морщины, целлюлит, сухость кожи.Так же коллаген очень важен для вашей иммунной системы.Все эти проблемы может решить Collagen Powder, он является продуктом на основе легко усваиваемого гидролизата коллагена с добавлением витаминов и минералов:- кальция;- магния;- витаминов С и В6.Рекомендации по применению:Смешайте 1-2 порции (5.5 г) с 250-300 мл воды или другого напитка.iИндивидуальная непереносимость компонентов продукта, беременность, наличие болезней почек или печени. Перед применением рекомендуется проконсультироваться с врачом."
"Kultlab Collagen Powder, 200 гр
Апельсин";Для связок и суставов;Коллаген;"Индивидуальная непереносимость компонентов продукта, беременность, наличие болезней почек или печени. Перед применением рекомендуется проконсультироваться с врачом.
";;https://www.wildberries.ru/catalog/34332305/detail.aspx;https://kultlab.ru/catalog/kollagen/kultlab-collagen-powder-200-gr/;;Смешайте 1-2 порции (5.5 г) с 250-300 мл воды или другого напитка.;"Размер одной порции                                        : 2 мерные ложки / 5,5 граммВ нашем организме около 25% коллагена, он играет важную роль в функционировании нашего организма. С годами синтез коллагена снижается.Это приводит организм к старению, появляются морщины, целлюлит, сухость кожи.Так же коллаген очень важен для вашей иммунной системы.Все эти проблемы может решить Collagen Powder, он является продуктом на основе легко усваиваемого гидролизата коллагена с добавлением витаминов и минералов:- кальция;- магния;- витаминов С и В6.Рекомендации по применению:Смешайте 1-2 порции (5.5 г) с 250-300 мл воды или другого напитка.iИндивидуальная непереносимость компонентов продукта, беременность, наличие болезней почек или печени. Перед применением рекомендуется проконсультироваться с врачом."
"Kultlab Collagen Powder, 200 гр
Натуральный";Для связок и суставов;Коллаген;"Индивидуальная непереносимость компонентов продукта, беременность, наличие болезней почек или печени. Перед применением рекомендуется проконсультироваться с врачом.
";;https://www.wildberries.ru/catalog/34332305/detail.aspx;https://kultlab.ru/catalog/kollagen/kultlab-collagen-powder-200-gr/;;Смешайте 1-2 порции (5.5 г) с 250-300 мл воды или другого напитка.;"Размер одной порции                                        : 2 мерные ложки / 5,5 граммВ нашем организме около 25% коллагена, он играет важную роль в функционировании нашего организма. С годами синтез коллагена снижается.Это приводит организм к старению, появляются морщины, целлюлит, сухость кожи.Так же коллаген очень важен для вашей иммунной системы.Все эти проблемы может решить Collagen Powder, он является продуктом на основе легко усваиваемого гидролизата коллагена с добавлением витаминов и минералов:- кальция;- магния;- витаминов С и В6.Рекомендации по применению:Смешайте 1-2 порции (5.5 г) с 250-300 мл воды или другого напитка.iИндивидуальная непереносимость компонентов продукта, беременность, наличие болезней почек или печени. Перед применением рекомендуется проконсультироваться с врачом."
"Kultlab Sea Collagen, 200 гр
";Для связок и суставов;Коллаген;"Индивидуальная непереносимость компонентов продукта, беременность, наличие болезней почек или печени. Перед применением рекомендуется проконсультироваться с врачом.
";;https://www.wildberries.ru/catalog/174357656/detail.aspx;https://kultlab.ru/catalog/kollagen/kultlab-sea-collagen-200-gr/;;Смешайте 1-2 порции с 250-300 мл воды или другого напитка.;"Размер одной порции                                        : 1 мерная ложка / 5 граммМорской коллаген изготавливается из морепродуктов и рыб. По своей структуре близок к человеческому коллагену, поэтому лучше усваивается организмом. Его получают из рыбьей кожи и чешуи, после чего он проходит гидролизацию для расщепления коллагенового белка на маленькие составляющие - пептиды. Они считаются наиболее полезным веществом, чем у животного коллагена, поскольку лучше и быстрее усваиваются.Чем полезен такой коллаген:-нормализует состояние хрящей, суставов и соединительной ткани;-улучшает подвижность опорно-двигательного аппарата;-насыщает кожу влагой, повышает ее упругость и эластичность;-защищает сердечно-сосудистую систему;-регулирует водно-солевой обмен;-выводит из организма токсины и шлаки.Такой коллаген полезен в любом возрасте. Принимать его можно молодым людям для защиты суставов при высоких нагрузках, замедления процессов старения. Пожилым он необходим для предупреждения дегенеративных изменений опорно-двигательного аппарата, восстановления подвижности суставов.Рекомендации по применению:Смешайте 1-2 порции с 250-300 мл воды или другого напитка.iИндивидуальная непереносимость. Перед применением необходимо проконсультироваться со специалистом."
"Kultlab Глюкозамин, Хондроитин & МСМ, 120 капс
";Для связок и суставов;Глюкозамин хондроитин МСМ;"Индивидуальная непереносимость компонентов продукта, беременность. Перед применением рекомендуется проконсультироваться с врачом.
";;https://www.wildberries.ru/catalog/60861183/detail.aspx;https://kultlab.ru/catalog/glyukozamin-khondroitin-msm/kultlab-glucosamine-chondroitin-msm-120-kaps/;;Принимать по 2 капсулы 2 раза в день.;"Размер одной порции                                        : 4 капсулыGlucosamine Chondroitin MSM - уникальный по своей эффективности комплекс с глюкозамином, известными как активные строители хрящевых и соединительных тканей. Пищевая добавка обеспечивает организм всеми необходимыми ресурсами для поддержания крепкого здоровья костно-мышечной ткани.Преимущества комплекса:
• предотвращает разрушительные процессы в связках;
• делает связки более эластичными и гибкими;
• обеспечивает организм строительными ресурсами для хрящей и тканей;• уменьшает болезненные ощущения и снижает воспаления.Рекомендации по применению:Принимать по 2 капсулы 2 раза в день.iИндивидуальная непереносимость компонентов продукта, беременность. Перед применением рекомендуется проконсультироваться с врачом."
"Kultlab Флекс, 300 гр
";Для связок и суставов;Комплексы для связок и суставов;"Индивидуальная непереносимость компонентов продукта, беременность, наличие болезней почек или печени. Перед применением рекомендуется проконсультироваться с врачом.
";;https://www.wildberries.ru/catalog/667540531/detail.aspx;https://kultlab.ru/catalog/kompleksy-dlya-svyazok-i-sustavov/kultlab-kultflex-300-gr/;;смешайте 2 мерных ложки (10 гр) с 250-300 мл воды или другого напитка.;"Размер одной порции                                        : 2 мерные ложки / 10 граммKult Flex - это уникальная формула на основе коллагена, глюкозамина, хондроитина, мсм и гиалуроновой кислоты, которые необходимы для здоровья опорно-двигательного аппарата. Благодаря данному продукту вы сможете укрепить соединительные ткани и сделать их работу более эффективной. Хрящевая ткань будет всегда эластичной, а уровень синовиальной жидкости, их омывающей изнутри и снаружи, достаточным для того, чтобы вашей двигательной активности ничто не мешало.Кроме того, Kult Flex насыщен витаминами и минералами, снимает болевые ощущения.Рекомендации по применению:смешайте 2 мерных ложки (10 гр) с 250-300 мл воды или другого напитка.iИндивидуальная непереносимость компонентов продукта, беременность, наличие болезней почек или печени. Перед применением рекомендуется проконсультироваться с врачом."
